番号,キーワード,軸,カテゴリ
1,プログラミング 独学 方法,A,学習方法
2,プログラミング 学習 ロードマップ,A,学習方法
3,プログラミング 初心者 何から始める,A,学習方法
4,プログラミング 独学 何ヶ月,A,学習方法
5,プログラミング 挫折 原因,A,学習方法
6,プログラミング 勉強 毎日,A,学習方法
7,プログラミング スキル 転職,A,学習方法
8,プログラミング 毎日 継続,A,学習方法
9,プログラミング 勉強 モチベーション,A,学習方法
10,プログラミング 独学 3ヶ月,A,学習方法
11,プログラミングスクール 比較,A,スクール
12,プログラミングスクール おすすめ,A,スクール
13,プログラミングスクール 社会人,A,スクール
14,プログラミングスクール 無料,A,スクール
15,プログラミングスクール 費用,A,スクール
16,プログラミングスクール 選び方,A,スクール
17,プログラミングスクール 効果,A,スクール
18,プログラミングスクール 転職保証,A,スクール
19,プログラミングスクール オンライン,A,スクール
20,RUNTEQ 評判,A,スクール
21,TECH CAMP 評判,A,スクール
22,DMM WEBCAMP 評判,A,スクール
23,ポテパンキャンプ 評判,A,スクール
24,テックアカデミー 評判,A,スクール
25,Progate 使い方,A,スクール
26,プログラミングスクール 社会人 夜間,A,スクール
27,プログラミングスクール 就職率,A,スクール
28,プログラミングスクール 給付金,A,スクール
29,プログラミングスクール 卒業後,A,スクール
30,IT転職 未経験,A,IT転職
31,IT転職 文系,A,IT転職
32,IT転職 30代,A,IT転職
33,IT転職 エージェント,A,IT転職
34,IT転職 難しい,A,IT転職
35,IT転職 年収,A,IT転職
36,IT転職 おすすめ 職種,A,IT転職
37,IT転職 ポートフォリオ,A,IT転職
38,IT転職 資格,A,IT転職
39,IT転職 自己PR,A,IT転職
40,エンジニア 転職 未経験,A,IT転職
41,エンジニア 転職 年収,A,IT転職
42,エンジニア 転職 難易度,A,IT転職
43,SE 転職 未経験,A,IT転職
44,プログラマー 転職 方法,A,IT転職
45,レバテックキャリア 評判,A,IT転職
46,Findy 使い方,A,IT転職
47,Wantedly エンジニア 転職,A,IT転職
48,転職 ポートフォリオ 作り方,A,IT転職
49,エンジニア 職務経歴書 書き方,A,IT転職
50,エンジニア 面接 質問,A,IT転職
51,Python 学習 初心者,A,言語・技術
52,Python 独学 方法,A,言語・技術
53,Python 何ができる,A,言語・技術
54,Python おすすめ 本,A,言語・技術
55,Python 資格,A,言語・技術
56,Python データ分析,A,言語・技術
57,Python Django 学習,A,言語・技術
58,Python Flask 入門,A,言語・技術
59,JavaScript 学習 初心者,A,言語・技術
60,React 学習 ロードマップ,A,言語・技術
61,Java 学習 初心者,A,言語・技術
62,Ruby on Rails 学習,A,言語・技術
63,HTML CSS 学習,A,言語・技術
64,SQL 学習 初心者,A,言語・技術
65,Git GitHub 使い方,A,言語・技術
66,Linux コマンド 基礎,A,言語・技術
67,AWS 入門,A,言語・技術
68,Docker 入門,A,言語・技術
69,API 使い方 入門,A,言語・技術
70,クラウド 入門,A,言語・技術
71,基本情報技術者試験 勉強法,A,IT資格
72,応用情報技術者試験 合格率,A,IT資格
73,AWS 資格 取得方法,A,IT資格
74,ITパスポート 勉強法,A,IT資格
75,基本情報 午後 対策,A,IT資格
76,ITコンサル 未経験 転職,A,キャリア
77,ITコンサル 年収,A,キャリア
78,ITコンサル 仕事内容,A,キャリア
79,システムエンジニア 仕事内容,A,キャリア
80,Webエンジニア 仕事内容,A,キャリア
81,フロントエンドエンジニア なり方,A,キャリア
82,バックエンドエンジニア スキル,A,キャリア
83,インフラエンジニア 未経験,A,キャリア
84,データサイエンティスト なり方,A,キャリア
85,AI エンジニア なり方,A,キャリア
86,機械学習 エンジニア スキル,A,キャリア
87,テックリード なり方,A,キャリア
88,エンジニア キャリアパス,A,キャリア
89,SIer から 転職,A,キャリア
90,SIer Web系 違い,A,キャリア
91,自社開発 転職 未経験,A,キャリア
92,スタートアップ エンジニア,A,キャリア
93,リモートワーク エンジニア,A,キャリア
94,エンジニア 海外 就職,A,キャリア
95,フリーランス エンジニア 始め方,A,キャリア
96,フリーランス エンジニア 年収,A,キャリア
97,フリーランス 案件 探し方,A,キャリア
98,Udemy プログラミング おすすめ,A,学習リソース
99,技術書 おすすめ エンジニア,A,学習リソース
100,プログラミング YouTube 学習,A,学習リソース
101,副業 始め方 社会人,B,副業全般
102,副業 おすすめ 2024,B,副業全般
103,副業 月5万 方法,B,副業全般
104,副業 在宅 エンジニア,B,副業全般
105,副業 時間 確保,B,副業全般
106,副業 バレない 会社,B,副業全般
107,副業 確定申告 やり方,B,副業全般
108,副業 税金 仕組み,B,副業全般
109,副業 種類 一覧,B,副業全般
110,月10万 副業 方法,B,副業全般
111,副業 解禁 IT企業,B,副業全般
112,複業 メリット,B,副業全般
113,不労所得 作り方,B,副業全般
114,ストック型 収入 作り方,B,副業全般
115,Python 副業 案件,B,Python・自動化
116,Python 副業 月収,B,Python・自動化
117,Python 自動化 業務,B,Python・自動化
118,Python スクレイピング 副業,B,Python・自動化
119,Python API 活用,B,Python・自動化
120,Python GAS 連携,B,Python・自動化
121,Python Selenium 自動化,B,Python・自動化
122,Python pandas 使い方,B,Python・自動化
123,Python openpyxl Excel,B,Python・自動化
124,Python LINE Bot 作り方,B,Python・自動化
125,Python 株価 取得,B,Python・自動化
126,GAS 業務自動化,B,Python・自動化
127,GAS スプレッドシート 自動,B,Python・自動化
128,GAS Gmail 自動返信,B,Python・自動化
129,GAS LINE 通知,B,Python・自動化
130,Zapier 使い方 日本語,B,自動化ツール
131,Make 自動化 入門,B,自動化ツール
132,n8n 使い方,B,自動化ツール
133,RPA ツール 比較,B,自動化ツール
134,Power Automate 使い方,B,自動化ツール
135,業務自動化 ツール おすすめ,B,自動化ツール
136,ChatGPT 使い方 仕事,B,AIツール
137,ChatGPT 副業 活用,B,AIツール
138,ChatGPT プロンプト おすすめ,B,AIツール
139,Claude 使い方 仕事,B,AIツール
140,Claude API 使い方,B,AIツール
141,Gemini 活用 業務,B,AIツール
142,AI ツール 業務効率化,B,AIツール
143,AI 文章生成 ブログ,B,AIツール
144,Notion AI 活用,B,AIツール
145,GitHub Copilot 使い方,B,AIツール
146,Cursor AI コーディング,B,AIツール
147,AI 議事録 自動化,B,AIツール
148,AI プレゼン 作成,B,AIツール
149,Midjourney 使い方 日本語,B,AIツール
150,AI 画像生成 副業,B,AIツール
151,ブログ 副業 始め方,B,コンテンツ副業
152,ブログ 収益化 方法,B,コンテンツ副業
153,ブログ アフィリエイト 月5万,B,コンテンツ副業
154,アフィリエイト 始め方,B,コンテンツ副業
155,アフィリエイト ASP 比較,B,コンテンツ副業
156,SEO 対策 初心者,B,SEO
157,SEO キーワード 選び方,B,SEO
158,SEO 記事 書き方,B,SEO
159,SEO 内部対策 方法,B,SEO
160,SEO 外部対策 被リンク,B,SEO
161,GoogleAnalytics 使い方,B,SEO
162,Search Console 使い方,B,SEO
163,キーワードプランナー 使い方,B,SEO
164,ロングテール キーワード 選び方,B,SEO
165,競合調査 SEO やり方,B,SEO
166,SEO 記事 文字数,B,SEO
167,記事構成 作り方,B,SEO
168,ライティング スキル 上達,B,SEO
169,note 収益化 方法,B,コンテンツ副業
170,YouTube 副業 始め方,B,コンテンツ副業
171,YouTube ショート 稼ぎ方,B,コンテンツ副業
172,X アフィリエイト やり方,B,コンテンツ副業
173,Webライター 単価 上げ方,B,コンテンツ副業
174,動画編集 副業 始め方,B,動画
175,Premiere Pro 入門,B,動画
176,動画編集 月収,B,動画
177,サムネイル 作り方,B,動画
178,Notionテンプレート 販売,B,デジタル販売
179,プロンプト販売 方法,B,デジタル販売
180,Gumroad 使い方 日本語,B,デジタル販売
181,BOOTH デジタルデータ 販売,B,デジタル販売
182,Udemy 講師 登録,B,デジタル販売
183,コンテンツ販売 始め方,B,デジタル販売
184,Discord コミュニティ 収益化,B,デジタル販売
185,オンラインサロン 作り方,B,デジタル販売
186,オンラインコース 作り方,B,デジタル販売
187,情報商材 作り方,B,デジタル販売
188,SaaS 個人開発 始め方,B,開発・副業
189,Webアプリ 個人開発 アイデア,B,開発・副業
190,Supabase 使い方,B,開発・副業
191,Vercel デプロイ 方法,B,開発・副業
192,Next.js 入門,B,開発・副業
193,React 副業 案件,B,開発・副業
194,クラウドワークス エンジニア,B,開発・副業
195,ランサーズ 副業 始め方,B,開発・副業
196,Fiverr 日本人 副業,B,開発・副業
197,スクレイピング 代行 副業,B,開発・副業
198,データ分析 副業 案件,B,開発・副業
199,API 販売 方法,B,開発・副業
200,機械学習 モデル 販売,B,開発・副業
201,FX 自動売買 Python,B,投資自動化
202,株価予測 Python,B,投資自動化
203,仮想通貨 Bot 作り方,B,投資自動化
204,トレード 自動化 方法,B,投資自動化
205,バックテスト Python,B,投資自動化
206,アービトラージ 自動化,B,投資自動化
207,副業 確定申告 フリーランス,B,税金・法務
208,青色申告 やり方,B,税金・法務
209,節税 副業 方法,B,税金・法務
210,経費 副業 認められるもの,B,税金・法務
211,マイクロ法人 始め方,B,税金・法務
212,インボイス 副業 対応,B,税金・法務
213,副業 住民税 申告,B,税金・法務
214,合同会社 設立 方法,B,税金・法務
215,副業 会社設立 タイミング,B,税金・法務
216,フリーランス 経費 最大化,B,税金・法務
217,小規模企業共済 フリーランス,B,税金・法務
218,確定申告 e-Tax やり方,B,税金・法務
219,リモートワーク 環境 整える,B,生産性
220,タスク管理 アプリ おすすめ,B,生産性
221,時間術 社会人,B,生産性
222,朝活 副業 習慣,B,生産性
223,集中力 上げる 方法,B,生産性
224,ガジェット エンジニア おすすめ,B,生産性
225,MacBook エンジニア 選び方,B,生産性
226,生産性 ツール おすすめ,B,生産性
227,Notion タスク管理 方法,B,生産性
228,ChatGPT 仕事 効率化 具体例,B,生産性
229,プロンプトエンジニアリング 入門,B,AIツール
230,AI 活用 業務改善,B,AIツール
231,ChatGPT API 使い方,B,AIツール
232,Claude API Python 使い方,B,AIツール
233,生成AI ビジネス活用,B,AIツール
234,AutoGPT 使い方,B,AIツール
235,AI エージェント とは,B,AIツール
236,Stable Diffusion 入門,B,AI画像
237,Canva 使い方 デザイン,B,デザイン
238,UI UX 基礎,B,デザイン
239,Figma 入門,B,デザイン
240,Webデザイン 副業 始め方,B,デザイン
241,翻訳 副業 英語,B,語学副業
242,オンライン家庭教師 副業,B,教育副業
243,SNS マーケティング 入門,B,コンテンツ副業
244,インフルエンサー なり方,B,コンテンツ副業
245,フォロワー 増やし方 X,B,コンテンツ副業
246,Instagramリール 収益化,B,コンテンツ副業
247,メルマガ 副業 始め方,B,コンテンツ副業
248,ポートフォリオ 副業 作り方,B,副業全般
249,副業 月収10万 エンジニア,B,副業全般
250,副業 スキル 身につける,B,副業全般
251,投資 始め方 初心者,C,投資入門
252,投資 種類 比較,C,投資入門
253,資産形成 方法 20代,C,投資入門
254,資産形成 方法 30代,C,投資入門
255,お金 増やし方 初心者,C,投資入門
256,貯金 投資 どちら,C,投資入門
257,投資 始める 年齢,C,投資入門
258,社会人1年目 お金 管理,C,投資入門
259,新卒 給料 使い方,C,投資入門
260,お金 勉強 方法,C,投資入門
261,投資信託 始め方,C,投資信託
262,投資信託 おすすめ,C,投資信託
263,投資信託 手数料 比較,C,投資信託
264,インデックス投資 始め方,C,投資信託
265,S&P500 投資 方法,C,投資信託
266,オルカン 評判,C,投資信託
267,積立投資 メリット,C,投資信託
268,ドルコスト平均法 とは,C,投資信託
269,高配当 ETF おすすめ,C,投資信託
270,VYM HDV 比較,C,投資信託
271,新NISA 始め方 2024,C,NISA・iDeCo
272,新NISA 使い方,C,NISA・iDeCo
273,新NISA おすすめ 商品,C,NISA・iDeCo
274,新NISA 成長投資枠,C,NISA・iDeCo
275,新NISA 積立投資枠,C,NISA・iDeCo
276,NISA 証券会社 選び方,C,NISA・iDeCo
277,iDeCo 始め方,C,NISA・iDeCo
278,iDeCo おすすめ 商品,C,NISA・iDeCo
279,iDeCo 節税 計算,C,NISA・iDeCo
280,iDeCo NISA 違い,C,NISA・iDeCo
281,積立 NISA シミュレーション,C,NISA・iDeCo
282,株式投資 始め方 初心者,C,株式投資
283,株 買い方 初心者,C,株式投資
284,株 銘柄 選び方,C,株式投資
285,高配当株 投資 方法,C,株式投資
286,配当金 生活 いくら必要,C,株式投資
287,株主優待 おすすめ,C,株式投資
288,株 チャート 読み方,C,株式投資
289,テクニカル分析 入門,C,株式投資
290,PER PBR 見方,C,株式投資
291,IPO 投資 方法,C,株式投資
292,IPO 当選 確率 上げる,C,株式投資
293,連続増配株 日本,C,株式投資
294,優待 クロス取引 方法,C,株式投資
295,決算書 読み方 投資,C,株式投資
296,ファンダメンタル分析 方法,C,株式投資
297,SBI証券 口座開設 方法,C,証券口座
298,SBI証券 使い方 初心者,C,証券口座
299,SBI証券 手数料 比較,C,証券口座
300,楽天証券 口座開設,C,証券口座
301,楽天証券 評判,C,証券口座
302,楽天証券 SBI 比較,C,証券口座
303,マネックス証券 特徴,C,証券口座
304,ネット証券 比較 おすすめ,C,証券口座
305,証券口座 複数 メリット,C,証券口座
306,証券口座 開設 キャンペーン,C,証券口座
307,特定口座 源泉徴収 選び方,C,証券口座
308,FX 始め方 初心者,C,FX
309,FX 口座 比較,C,FX
310,FX 基礎 知識,C,FX
311,FX チャート 読み方,C,FX
312,FX リスク 管理,C,FX
313,FX スワップ 稼ぎ方,C,FX
314,GMO FX 評判,C,FX
315,XM 口座開設,C,FX
316,FX 自動売買 EA,C,FX
317,FX 勝率 上げる,C,FX
318,仮想通貨 始め方 初心者,C,仮想通貨
319,ビットコイン 買い方,C,仮想通貨
320,イーサリアム 投資,C,仮想通貨
321,仮想通貨 取引所 比較,C,仮想通貨
322,コインチェック 評判,C,仮想通貨
323,bitFlyer 口座開設,C,仮想通貨
324,Web3 投資 リスク,C,仮想通貨
325,DeFi 入門,C,仮想通貨
326,NFT 投資 方法,C,仮想通貨
327,クレジットカード おすすめ 2024,C,クレカ・ポイント
328,クレジットカード 還元率 比較,C,クレカ・ポイント
329,三井住友カード おすすめ,C,クレカ・ポイント
330,楽天カード 年会費,C,クレカ・ポイント
331,アメックス ゴールド 評判,C,クレカ・ポイント
332,陸マイラー 始め方,C,クレカ・ポイント
333,ANAマイル 貯め方,C,クレカ・ポイント
334,ポイント投資 方法,C,クレカ・ポイント
335,楽天ポイント 投資 やり方,C,クレカ・ポイント
336,クレカ ポイント 最大化,C,クレカ・ポイント
337,クレジットカード 審査 通らない,C,クレカ・ポイント
338,年会費無料 カード おすすめ,C,クレカ・ポイント
339,学生 クレカ おすすめ,C,クレカ・ポイント
340,法人カード おすすめ,C,クレカ・ポイント
341,楽天経済圏 攻略,C,クレカ・ポイント
342,SBI経済圏 活用,C,クレカ・ポイント
343,Paypay 活用 節約,C,クレカ・ポイント
344,Suica チャージ おすすめカード,C,クレカ・ポイント
345,ふるさと納税 おすすめ サイト,C,節税・節約
346,ふるさと納税 やり方 初心者,C,節税・節約
347,ふるさと納税 限度額 計算,C,節税・節約
348,ふるさと納税 返礼品 おすすめ,C,節税・節約
349,節税 会社員 方法,C,節税・節約
350,医療費控除 申請方法,C,節税・節約
351,住宅ローン控除 条件,C,節税・節約
352,固定費 削減 方法,C,節税・節約
353,節約 生活費 下げる,C,節税・節約
354,保険 見直し 方法,C,節税・節約
355,生命保険 必要か,C,節税・節約
356,火災保険 選び方,C,節税・節約
357,自動車保険 比較 おすすめ,C,節税・節約
358,手取り 上げる 方法,C,節税・節約
359,家計管理 アプリ おすすめ,C,家計管理
360,マネーフォワード 使い方,C,家計管理
361,家計簿 続けるコツ,C,家計管理
362,手取り 生活費 割合,C,家計管理
363,一人暮らし 生活費 節約,C,家計管理
364,生活防衛資金 いくら,C,家計管理
365,先取り貯金 方法,C,家計管理
366,30代 貯金 平均,C,家計管理
367,20代 貯金 いくら,C,家計管理
368,FIRE 計算 方法,C,FIRE
369,FIRE 必要資産 計算,C,FIRE
370,サイドFIRE とは,C,FIRE
371,バリスタFIRE 方法,C,FIRE
372,4%ルール 投資 とは,C,FIRE
373,老後 資金 いくら必要,C,FIRE
374,老後 2000万問題 対策,C,FIRE
375,億り人 なり方,C,FIRE
376,経済的自由 達成 方法,C,FIRE
377,セミリタイア 方法,C,FIRE
378,FIRE 副業 組み合わせ,C,FIRE
379,資産1000万 達成 方法,C,資産形成戦略
380,資産3000万 投資 方法,C,資産形成戦略
381,複利 計算 シミュレーション,C,資産形成戦略
382,資産運用 利回り 目安,C,資産形成戦略
383,ポートフォリオ 組み方 初心者,C,資産形成戦略
384,分散投資 方法,C,資産形成戦略
385,米国株 始め方,C,資産形成戦略
386,全世界株 投資 方法,C,資産形成戦略
387,長期投資 メリット,C,資産形成戦略
388,インフレ 対策 投資,C,資産形成戦略
389,暴落 対策 投資,C,資産形成戦略
390,リバランス やり方 投資,C,資産形成戦略
391,副業収入 投資 組み合わせ,C,ITエンジニア×投資
392,ITエンジニア 資産形成 方法,C,ITエンジニア×投資
393,高収入 投資 戦略,C,ITエンジニア×投資
394,エンジニア FIRE 現実,C,ITエンジニア×投資
395,20代 エンジニア 資産形成,C,ITエンジニア×投資
396,資産形成 副業 組み合わせ,C,ITエンジニア×投資
397,副業 投資 どちら優先,C,ITエンジニア×投資
398,エンジニア 節税 方法,C,ITエンジニア×投資
399,副業 月5万 投資に回す,C,ITエンジニア×投資
400,資産形成 ロードマップ エンジニア,C,ITエンジニア×投資
401,REIT 投資 始め方,C,その他投資
402,不動産投資 リスク,C,その他投資
403,ロボアドバイザー おすすめ,C,その他投資
404,ウェルスナビ 評判,C,その他投資
405,金 投資 方法,C,その他投資
406,債券 投資 初心者,C,その他投資
407,コモディティ 投資 とは,C,その他投資
408,ヘッジ 投資 方法,C,その他投資
409,オプション取引 入門,C,その他投資
410,レバレッジ ETF リスク,C,その他投資
411,ソーシャルレンディング 比較,C,その他投資
412,不動産クラウドファンディング,C,その他投資
413,確定拠出年金 会社員,C,年金
414,年金 いくら もらえる,C,年金
415,社会保険 仕組み 会社員,C,年金
416,損益通算 やり方 株,C,税務
417,繰越控除 株式,C,税務
418,確定申告 株 やり方,C,税務
419,NISA 確定申告 不要 理由,C,税務
420,投資 勉強 本 おすすめ,C,投資学習
421,お金 本 おすすめ,C,投資学習
422,投資 YouTube おすすめ,C,投資学習
423,ファイナンシャルリテラシー 上げ方,C,投資学習
424,経済 ニュース 読み方,C,投資学習
425,為替 仕組み 初心者,C,投資学習
426,金利 投資 影響,C,投資学習
427,マクロ経済 入門,C,投資学習
428,日経新聞 読み方 初心者,C,投資学習
429,資産形成 まとめ ロードマップ,C,投資学習
430,プログラミング 副業 始め方,A,副業×IT
431,エンジニア 副業 おすすめ,A,副業×IT
432,副業 エンジニア 確定申告,A,副業×IT
433,プログラミング 月収,A,副業×IT
434,未経験 エンジニア 採用,A,副業×IT
435,案件獲得 方法 フリーランス,A,キャリア
436,単価交渉 フリーランス,A,キャリア
437,契約書 フリーランス 注意点,A,キャリア
438,ITコンサル スキル,A,キャリア
439,コンサルタント 年収 IT,A,キャリア
440,IT業界 将来性,A,キャリア
441,エンジニア 年収 高い 会社,A,キャリア
442,リモートワーク 求人 エンジニア,A,キャリア
443,深層学習 入門,A,AI技術
444,自然言語処理 入門,A,AI技術
445,scikit-learn 使い方,A,AI技術
446,TensorFlow PyTorch 比較,A,AI技術
447,MLOps とは,A,AI技術
448,LLM ファインチューニング 入門,A,AI技術
449,RAG 仕組み わかりやすく,A,AI技術
450,ベクトルデータベース 入門,A,AI技術
451,LangChain 使い方,A,AI技術
452,Hugging Face 入門,A,AI技術
453,機械学習 入門 ゼロから,A,AI技術
454,回帰分析 Python,A,AI技術
455,分類問題 機械学習,A,AI技術
456,クラスタリング 入門,A,AI技術
457,時系列分析 Python,A,AI技術
458,異常検知 機械学習,A,AI技術
459,特徴量エンジニアリング,A,AI技術
460,モデル評価 指標,A,AI技術
461,過学習 対策 機械学習,A,AI技術
462,強化学習 入門,A,AI技術
463,自然言語処理 transformers,A,AI技術
464,画像認識 Python CNN,A,AI技術
465,マルチモーダル AI とは,A,AI技術
466,AI エージェント とは,A,AI技術
467,Kubernetes 学習,A,インフラ
468,CI/CD とは,A,インフラ
469,アジャイル開発 とは,A,開発手法
470,スクラム 開発 方法,A,開発手法
471,テスト駆動開発 入門,A,開発手法
472,設計書 書き方 IT,A,開発手法
473,要件定義 やり方,A,開発手法
474,コードレビュー やり方,A,開発手法
475,Jira 使い方,A,開発ツール
476,VSCode 設定 おすすめ,A,開発ツール
477,Slack 活用 チーム,A,開発ツール
478,Notion エンジニア 活用,A,開発ツール
479,プロジェクト管理 ツール,A,開発ツール
480,Google Colab 使い方,A,学習リソース
481,Jupyter Notebook 入門,A,学習リソース
482,データ分析 入門 Python,A,言語・技術
483,可視化 matplotlib seaborn,A,言語・技術
484,統計学 入門 データ分析,A,言語・技術
485,コーディング 練習 サイト,A,学習方法
486,LeetCode 日本語,A,学習方法
487,競技プログラミング 入門,A,学習方法
488,オブジェクト指向 わかりやすく,A,言語・技術
489,アルゴリズム 入門,A,言語・技術
490,データ構造 基礎,A,言語・技術
491,セキュリティ 基礎 エンジニア,A,言語・技術
492,電子マネー 比較 おすすめ,C,クレカ・ポイント
493,nanacoチャージ クレカ,C,クレカ・ポイント
494,経営セーフティ共済 節税,B,税金・法務
495,物体検出 YOLO,A,AI技術
496,音声認識 Python,A,AI技術
497,Edge AI 活用,A,AI技術
498,ハイパーパラメータ チューニング,A,AI技術
499,アンサンブル学習 入門,A,AI技術
500,画像認識 Python,A,AI技術
501,JavaScript 入門 初心者,A,言語・技術
502,JavaScript 非同期処理 わかりやすく,A,言語・技術
503,JavaScript フレームワーク 比較,A,言語・技術
504,JavaScript Promise async await,A,言語・技術
505,JavaScript DOM 操作 入門,A,言語・技術
506,JavaScript エラー デバッグ方法,A,言語・技術
507,JavaScript 配列 操作 メソッド,A,言語・技術
508,JavaScript クロージャ わかりやすく,A,言語・技術
509,JavaScript プロトタイプ 継承,A,言語・技術
510,JavaScript モジュール import export,A,言語・技術
511,TypeScript 入門 JavaScript との違い,A,言語・技術
512,TypeScript 型定義 使い方,A,言語・技術
513,TypeScript おすすめ 学習方法,A,言語・技術
514,TypeScript 実務 使い方,A,言語・技術
515,TypeScript interface type 違い,A,言語・技術
516,TypeScript ジェネリクス 入門,A,言語・技術
517,TypeScript React 組み合わせ,A,言語・技術
518,TypeScript エラー 対処法,A,言語・技術
519,TypeScript 設定 tsconfig,A,言語・技術
520,TypeScript 副業 需要,A,言語・技術
521,Java 学習 ロードマップ,A,言語・技術
522,Java 入門 初心者,A,言語・技術
523,Java オブジェクト指向 わかりやすく,A,言語・技術
524,Java Spring Boot 入門,A,言語・技術
525,Java 例外処理 書き方,A,言語・技術
526,Java コレクション 使い方,A,言語・技術
527,Java インターフェース 抽象クラス 違い,A,言語・技術
528,Java ラムダ式 入門,A,言語・技術
529,Java Maven Gradle 違い,A,言語・技術
530,Java 転職 需要,A,言語・技術
531,Node.js 入門 使い方,A,言語・技術
532,Node.js Express API 作成,A,言語・技術
533,Node.js npm 使い方,A,言語・技術
534,Node.js 非同期 処理,A,言語・技術
535,Node.js デプロイ 方法,A,言語・技術
536,Vue.js 入門 React との比較,A,言語・技術
537,Vue.js 学習 ロードマップ,A,言語・技術
538,Vue.js コンポーネント 設計,A,言語・技術
539,Next.js TypeScript 入門,A,言語・技術
540,Next.js App Router 使い方,A,言語・技術
541,Next.js SSR SSG 違い,A,言語・技術
542,Next.js Vercel デプロイ 方法,A,言語・技術
543,React hooks 入門 useState useEffect,A,言語・技術
544,React Redux 状態管理 入門,A,言語・技術
545,React コンポーネント 設計パターン,A,言語・技術
546,PHP Laravel 入門,A,言語・技術
547,Go言語 入門 Python との比較,A,言語・技術
548,Rust 入門 なぜ人気,A,言語・技術
549,Swift iOS 開発 入門,A,言語・技術
550,Kotlin Android 開発 入門,A,言語・技術
